<?xml version="1.0" encoding="UTF-8"?>
<project-private xmlns="http://www.netbeans.org/ns/project-private/1">
    <editor-bookmarks xmlns="http://www.netbeans.org/ns/editor-bookmarks/2" lastBookmarkId="0"/>
    <open-files xmlns="http://www.netbeans.org/ns/projectui-open-files/2">
        <group>
            <file>file:/C:/Users/Paula/Documents/Modulo%20Desarrollo%20de%20Aplicaciones%20Multiplataforma/Segundo%20curso/Acceso%20a%20Datos/Lopez_Paula_AD/src/Interfaz/GestionAlquiler.java</file>
            <file>file:/C:/Users/Paula/Documents/Modulo%20Desarrollo%20de%20Aplicaciones%20Multiplataforma/Segundo%20curso/Acceso%20a%20Datos/Lopez_Paula_AD/src/Interfaz/Principal.java</file>
            <file>file:/C:/Users/Paula/Documents/Modulo%20Desarrollo%20de%20Aplicaciones%20Multiplataforma/Segundo%20curso/Acceso%20a%20Datos/Lopez_Paula_AD/src/Interfaz/GestionLocal.java</file>
            <file>file:/C:/Users/Paula/Documents/Modulo%20Desarrollo%20de%20Aplicaciones%20Multiplataforma/Segundo%20curso/Acceso%20a%20Datos/Lopez_Paula_AD/src/Interfaz/GestionCliente.java</file>
        </group>
    </open-files>
</project-private>
